(base) mulshankar13@hooghly:~/Downloads$ chmod 400 udacity-project1.pem
(base) mulshankar13@hooghly:~/Downloads$ ssh -i "udacity-project1.pem" ec2-user@ec2-3-239-217-110.compute-1.amazonaws.com
The authenticity of host 'ec2-3-239-217-110.compute-1.amazonaws.com (3.239.217.110)' can't be established.
ECDSA key fingerprint is SHA256:TwnQUiPy3pmsl2jMsuuK3lysZ68F8JmChczHE8ZzFw0.
Are you sure you want to continue connecting (yes/no)? yes
Warning: Permanently added 'ec2-3-239-217-110.compute-1.amazonaws.com,3.239.217.110' (ECDSA) to the list of known hosts.

       __|  __|_  )
       _|  (     /   Amazon Linux 2 AMI
      ___|\___|___|

https://aws.amazon.com/amazon-linux-2/
2 package(s) needed for security, out of 5 available
Run "sudo yum update" to apply all updates.
[ec2-user@ip-10-1-10-135 ~]$ mysql --version
mysql  Ver 15.1 Distrib 5.5.68-MariaDB, for Linux (x86_64) using readline 5.1
[ec2-user@ip-10-1-10-135 ~]$ show databases;
-bash: show: command not found
[ec2-user@ip-10-1-10-135 ~]$ mysql -u admin -p -h database-1.ckfvagr0dbbu.us-east-1.rds.amazonaws.com
Enter password: 
Welcome to the MariaDB monitor.  Commands end with ; or \g.
Your MySQL connection id is 440
Server version: 8.0.20 Source distribution

Copyright (c) 2000, 2018, Oracle, MariaDB Corporation Ab and others.

Type 'help;' or '\h' for help. Type '\c' to clear the current input statement.

MySQL [(none)]> show database;
ERROR 1064 (42000): You have an error in your SQL syntax; check the manual that corresponds to your MySQL server version for the right syntax to use near 'database' at line 1
MySQL [(none)]> show databases;
+--------------------+
| Database           |
+--------------------+
| information_schema |
| mysql              |
| performance_schema |
| udacity            |
+--------------------+
4 rows in set (0.04 sec)

MySQL [(none)]> connect udacity
Reading table information for completion of table and column names
You can turn off this feature to get a quicker startup with -A

Connection id:    441
Current database: udacity

MySQL [udacity]> select * from students;
ERROR 1146 (42S02): Table 'udacity.students' doesn't exist
MySQL [udacity]> create table if not exists tasks (id INT AUTO_INCREMENT PRIMARY KEY, title VARCHAR(255),
    -> ;
ERROR 1064 (42000): You have an error in your SQL syntax; check the manual that corresponds to your MySQL server version for the right syntax to use near '' at line 1
MySQL [udacity]> 
MySQL [udacity]> 
MySQL [udacity]> 
MySQL [udacity]> 
MySQL [udacity]> 
MySQL [udacity]> 
MySQL [udacity]> ;
ERROR: No query specified

MySQL [udacity]> create table student (id INT AUTO_INCREMENT PRIMARY KEY, name VARCHAR(255));
Query OK, 0 rows affected (0.09 sec)

MySQL [udacity]> select * from student;
Empty set (0.00 sec)

MySQL [udacity]> insert into student (id,name) values ('nabhu');
ERROR 1136 (21S01): Column count doesn't match value count at row 1
MySQL [udacity]> insert into student (id,name) values (1,'nabhu');
Query OK, 1 row affected (0.01 sec)

MySQL [udacity]> select * from student;
+----+-------+
| id | name  |
+----+-------+
|  1 | nabhu |
+----+-------+
1 row in set (0.00 sec)


